Paragraph,TF-IDF Score,text
الذكاء الاصطناعي تعبير يطلق على القدرات التي تبديها الآلات والبرامج، بما يحاكي القدرات الذهنية للبشر، مثل التعلم والاستنتاج ورد الفعل على أوضاع لم تبرمج في الآلة، كما أنه اسم لحقل أكاديمي معني بكيفية صنع حواسيب وبرامج قادرة على اتخاذ سلوك ذكي.,5.8514540358342435,ذكاء اصطناع تعبير طلق قدر تبدي آلة برامج حاكى قدر ذهن بشر تعلم استنتاج فعل أوضاع برمج آلة أن اسم حقل أكاديمي معني كيفية صنع حواسيب برامج قادر اتخاذ سلوك ذكي
وهو سِمة العصر الحديث البارزة، طوَّره الإنسان لخدمته في إنجاز مهماته بدقة كبيرة وسرعة عالية وموثوقية رصينة.,4.164563147722379,سم عصر حديث بارز طور إنس خدم إنجاز مهمة دقة كبير سرع عال موثوق رصين
ورافقت هذا الإنجاز تحدياتٌ اقتصادية سببت فجوة هائلة في توزيع الثروة بين الدول المتقدمة والنامية، وبين الأفراد أنفسهم في البلد الواحد، وصار تهديدا كبيرا لعدد من الوظائف.,5.010368571788386,رافق إنجاز تحدي اقتصاد سب جو هائل توزيع ثروة دول متقدم نامة بين أفراد نفس بلد واحد صار تهديد كبير عدد وظائف
يعود طرح مصطلح الذكاء الاصطناعي إلى عالم الحاسوب الأميركي جون مكارثي (1927-2011) الذي صاغه عام 1956، وهو العام الذي شهد انعقاد مؤتمر علمي في كلية دارتموث الأميركية للإشارة للأبحاث الجارية آنذاك حول إمكانية تصميم آلة ذكية قادرة على تقليد ومحاكاة عمل البشر.,6.258658968009476,عاد طرح مصطلح ذكاء اصطناع عالم حاسوب الأميركي جون مكارثي رقمرقم صاغ عام رقم عام شهد انعقاد مؤتمر علم كلية دارتموث الأميركية إشارة أبحاث جار آنذاك حول إمكان تصميم آلة ذكي قادر تقليد محاكاة عمل بشر
وتم الإعلان في ذلك المؤتمر عن حملات لجمع تبرعات مالية لدعم الأبحاث من أجل الوصول إلى اختراع يشبه العقل البشري يمكّن الآلات من العمل بمفردها دون الحاجة للإنسان.,5.051413539726722,تم إعلان مؤتمر حمل جمع تبرع مال دعم أبحاث وصول اختراع أشبه عقل بشر يم آلة عمل مفرد حاج إنس
يعرَّف الذكاء الاصطناعي بأنه البناء المنطقي للبرمجيات والخوارزميات والشبكات العصبية، التي تمكِّن الآلات المحوسبة من محاكاة الذكاء البشري في التعلم واتخاذ القرارات وحل المشكلات والتنبؤ بالنتائج، والتوصيات والمفاضلة بين الخيارات لتحقيق أهداف محددة.,5.439024235762571,عرف ذكاء اصطناع أن بناء منطق برمجة والخوارزميات شبكة عصب تم آلة المحوسبة محاكاة ذكاء بشر تعلم اتخاذ قرار وحل مشكل تنبؤ نتائج توصية مفاضل خيار تحقيق أهداف محدد
وشكل تطور لغات البرمجة والإعلام الآلي حافزا للمضي قدما في تعزيز الذكاء الاصطناعي لدرجة أنه أصبح علما قائما بذاته، يجمع بين العديد من العلوم الأخرى كالبرمجة والمنطق والرياضيات وحتى علم النفس والفلسفة.,5.449427317191826,شكل تطور لغة برمجة إعلام آلة حافز مض قدم تعزيز ذكاء اصطناع درج أن علم قائم ذات جمع عديد علوم أخرى برمجة منطق الرياض حتى نفس فلسفة
"حقق التطور في تقنية الذكاء الاصطناعي قفزات كبيرة، وتعد تقنية ""التعلم العميق"" أبرز مظاهره، وهي ترتكز على تطوير شبكات عصبية صناعية تحاكي في طريقة عملها أسلوب الدماغ البشري، أي أنها قادرة على التجريب والتعلم وتطوير نفسها ذاتيا دون تدخل الإنسان.",5.888641606110186,حقق تطور تقني ذكاء اصطناع قفز كبير تعدي تقني تعلم عميق رز مظاهر هي ارتكز تطوير شبكة عصب صناع تحاك طريق عمل أسلوب دماغ بشر أن قادر تجريب تعلم تطوير نفس ذاتي تدخل إنس
يعتمد الذكاء الاصطناعي على أنظمة التعرف على الوجوه والأصوات والأشكال، مما جعل استخدامه واسع الانتشار في الحياة اليومية وفي الكثير من المجالات المختلفة. إذ يستخدم في الصناعة والتحكم الآلي والنظم الخبيرة والطب والأحياء والتعليم وحتى الألعاب.,5.655707819239928,اعتمد ذكاء اصطناع نظم تعرف وجوه أصوات أشكال استخدام واسع انتشار حياة يوم في كثير مجال مختلف استخدم صناع تحكم آلة نظم خبير طب أحياء تعليم حتى ألعاب
وفي مجال الطب توجد برامج لتشخيص الأمراض بناء على أعراض معروفة مع استخدام المنطق والاحتمالات والاستدلال لكي يكون الخبير الآلي مالكا لمهارات مقاربة للعنصر البشري.,4.8791732950371145,في مجال طب توجد برامج تشخيص أمراض بناء عراض معروف استخدام منطق احتمال استدلال كوى خبير آلة مالك مهارة مقارب عنصر بشر
وفي المجال اللغوي تم استعمال الأنظمة الذكية في التدقيق اللغوي والصرف والنحو ومخاطبة الناس، لكن ورغم أن الترجمة الآلية أحرزت تقدما كبيرا في الوقت الحالي، فإنها لم تصل للجودة نفسها التي يقدمها المترجم البشري، وعجزت معظم البرامج عن الوصول إلى ذلك بالنظر لعدم قدرتها على فهم سياق الكلام.,6.516580708318667,في مجال لغو تم استعمال أنظمة ذكي تدقيق لغو صرف نحو مخاطب ناس رغم ترجمة آلة حرز تقدم كبير وقت حال إن صلى جود نفس قدم مترجم بشر عجز معظم برامج وصول نظر عدم قدر هم سياق كلام
ويستطيع الذكاء الاصطناعي التعرف على الكلام، وتحويله إلى نص مكتوب، ويستمع للمتحدث ويطبق ما سمع ويجيب أيضا، ويولّد الرسائل الصوتية من النصوص المكتوبة.,4.546160802324115,استطاع ذكاء اصطناع تعرف كلام تحويل نص مكتوب استمع متحدث طبق سمع أجاب ولد رسائل صوت نصوص مكتوب
أما في مجال ألعاب الفيديو فقد أحدث الذكاء الاصطناعي انقلابا كبيرا فيه من خلال الوصول للمزيد من الإثارة والتشويق ومقابلة خصم أكثر ذكاء مما كان من قبل، وتتيح الأنظمة التي تشغل ألعاب الفيديو قدرا أكبر من المحاكاة، فتصّرف أفراد اللعبة أصبح ذاتيا ومختلفا وفق الظروف سواء في ألعاب القتال أو مباريات كرة القدم أو غيرها.,6.4317610186423115,مجال لعاب فيديو قد حدث ذكاء اصطناع انقلاب كبير خلال وصول مزيد إثار تشويق مقابل خصم ذكاء أتاح أنظمة شغل لعاب فيديو قدر كبر محاكاة تصرف فراد لعب ذاتي مختلف وفق ظروف سواء لعاب قتال مباريات كرة قدم غير
وفي مجال الأعمال الرقمية فهو قادر على خدمة الزبائن، عبر إرشادهم إلى السلع الأكثر ملاءمة، والإجابة عن الأسئلة الخاصة بعمليات الشحن وطرق الدفع، وتسريع مدة الاستجابة لطلبات الزبائن، واقتراح الألوان والقياسات تبعا لذوق الزبون.,5.526665424433725,في مجال أعمال رقم هو قادر خدم الزبائن عبر إرشاد سلع أكثر ملاءمة إجابة أسئلة خاصة عملة شحن طرق دفع تسريع مد استجابة طلبة الزبائن اقتراح ألوان قياس بع ذوق زبون
وفي مجال الرؤية الحاسوبية، يتيح الذكاء الاصطناعي التصوير العلاجي الإشعاعي، والقيادة الذاتية للمركبات، وإجراء مسوح لأعماق المحيطات وطبقات الفضاء المختلفة.,4.330748326261495,في مجال رؤى حاسوب أتاح ذكاء اصطناع تصوير علاج إشعاع قياد ذاتي مركب إجراء مسوح أعماق محيط طبق فضاء مختلف
أما في التنبؤات الجوية، فتعتمد هيئات البث على إدخال نماذج الطقس إلى حواسيب عملاقة، تعتمد خوارزميات معقدة، لتوليد تنبؤات أكثر دقة، تساعد صانع القرار على اتخاذ إجراءات أكثر صوابا.,5.068805909846542,تنبؤ جوي اعتمد هيئة بث إدخال نماذج طقس حواسيب عملاق اعتمد خوارزميات معقد توليد تنبؤ دقة ساعد صانع قرار اتخاذ إجراء صواب
"ويمكن لنماذج الذكاء الاصطناعي تمشيط كميات كبيرة من البيانات واكتشاف نقاط البيانات غير النمطية ""غير المتَّسقة"" والكشف عن الحالات الشاذة، والتعريف بالمعدات المعيبة والأخطاء البشرية فيها، أو الانتهاكات الأمنية والتهديدات السيبرانية.",5.259708281951149,يم نماذج ذكاء اصطناع تمشيط كم كبير بيان اكتشاف نقاط بيان نمط متسق كشف حال شاذ تعريف معد معيب أخطاء بشر انتهاك أمن تهديد السيبرانية
وانتشر الرجل الآلي -وهو أحد تجسيدات الذكاء الاصطناعي- في العديد من المجالات، خاصة الصناعية، وعوّض اليد العاملة البشرية، واستعمل أيضا في التجارب والأعمال الخطيرة التي لا يمكن للبشر القيام بها.,5.171544225953361,انتشر رجل آلة تجسيد ذكاء اصطناع عديد مجال صناع عوض يد عامل بشر استعمل تجارب أعمال خطير يم بشر قيام
وتستخدم الروبوتات في الصناعة وقيادة الطائرات والمركبات الفضائية، كما تستخدم في المجال العسكري والقتال وأعمال التجسس والمراقبة والحراسة والأمن. وفي مجال الطب ابتكرت بعض الروبوتات التي تشخص الأمراض وتجري عمليات جراحية دقيقة جدا مثل جراحة العيون.,5.658538210611621,استخدم روبوت صناع قياد طائر مركب فضاء استخدم مجال عسكر قتال أعمال تجسس مراقب حراس أمن في مجال طب ابتكر روبوت تشخص أمراض تجرة عملة جراح دقيق جدا جراح عيون
وثمة روبوتات تساعد على القيام بأعمال المنزل، من مكانس ذكية وغيرها، ويعتقد الكثير من العلماء أن مستقبل الذكاء الاصطناعي سيكون موجها نحو الاستخدام اليومي لتسهيل حياة الناس، كما أن تطور الوعي الاصطناعي سيجعل من الروبوتات أكثر تفاعلا وارتباطا بالإنسان.,5.797123116403549,ثمة روبوت ساعد قيام أعمال منزل مكانس ذكي غير اعتقد كثير علماء مستقبل ذكاء اصطناع كون موجه استخدام يوم تسهيل حياة ناس تطور وعي اصطناع جعل روبوت تفاعل ارتباط إنسان
"ظهر أول مفهوم للآلة ""التي تفكر"" في كتابات اليونانيين القدماء. واستخدم الأدباء وصانعو السينما ""ذكاء الآلة"" في روايات وأفلام الخيال العلمي وعلوم المستقبل.",4.612830843280806,ظهر مفهوم آلة تفكر كتاب يوناني قدماء استخدم أدباء صانع سينما ذكاء آلة روايات أفلام خيال علم علوم مستقبل
"وبدأت ملامحها تبرز في العصر الحديث، عندما نشر آلان تورينغ ورقة بحثية عام 1950 بعنوان ""آلات الحوسبة والذكاء""، وسأل ""هل تستطيع الآلات التفكير؟"" ثم قدّم ""اختبار تورينغ""، وحاول فيه التمييزَ بين استجابة الكمبيوتر والنص البشري.",5.61885802533116,بدأ ملامح برز عصر حديث عندما نشر آلان تورينغ ورق بحث عام رقم عنوان آلة حوسبة ذكاء سأل استطاع آلة تفكير قدم اختبار تورينغ حاول تمييز استجابة كمبيوتر نص بشر
"وفي عام 1956 صاغ جون مكارثي مصطلح ""الذكاء الاصطناعي"" في أول مؤتمر للذكاء الاصطناعي على الإطلاق في كلية دارتموث. وفي العام نفسه أنشأ ألين نيويل وجي سي شو وهيربرت سيمون برنامج ""لوجيك ثيوريست""، وهو أول برنامج ذكاء اصطناعي.",5.47879701554365,في عام رقم صاغي جون مكارثي مصطلح ذكاء اصطناع مؤتمر ذكاء اصطناع إطلاق كلية دارتموث في عام نفس لين نيويل وج سي شوى وهيربرت مان برنامج لاج ثيوريست برنامج ذكاء اصطناع
"وفي عام 1967 صنع فرانك روزنبلات آلة ""مارك آي بيرسبترون""، وهو أول كمبيوتر يعتمد على شبكة عصبية ""تتعلم"" من خلال التجربة والخطأ.",4.545090547601191,في عام رقم صنع فران روزنبلات آلة مار بيرسبترون كمبيوتر اعتمد شبكة عصب تعلم خلال تجربة خطأ
"وبعد عام واحد نشر مارفن مينسكي وسيمور بابيرت كتابا بعنوان ""بيرسبترون""، وأصبح عملا بارزا حول الإدراك الحسي، أحد أنواع الشبكات الاصطناعية التي طورت في أوائل الخمسينيات والستينيات من القرن العشرين.",5.330211732393721,بعد عام نشر مارفن مينسكي وسيمور بابيرت كتاب عنوان بيرسبترون أصبح عمل بارز حول إدراك حس أنواع شبكة اصطناع طور أوائل الخمسينيات ستيني قرن عشر
"وفي الثمانينيات أصبحت الشبكات العصبية تستخدم خوارزمية الانتشار العكسي ""لتدريب"" نفسها، واستُخدِمت على نطاق واسع في تطبيقات الذكاء الاصطناعي، وهي عنصر أساسي في التعلم العميق.",4.900260052401799,في ثمانين صبح شبكة عصب استخدم خوارزمية انتشار عكس تدريب نفس استخدم نطاق واسع تطبيق ذكاء اصطناع هي عنصر أساس تعلم عميق
"ونشر ستيوارت راسل وبيتر نورفيج عام 1995 كتاب ""الذكاء الاصطناعي.. نهج حديث""، وأصبح أحد الكتب المدرسية الرائدة في المجال.",4.160820389123455,نشر ستيوارت راسل بيتر نورفيج عام رقم كتاب ذكاء اصطناع نهج حديث أصبح كتب مدرس رائد مجال
"وفيما بعد تغلب جهاز ""ديب بلو"" من شركة ""آي بي إم"" على بطل العالم غاري كاسباروف، في مباراة للشطرنج عام 1997، ونشر جون مكارثي ورقة بحثية بعنوان ""ما الذكاء الاصطناعي؟"" عام 2004، واقترح فيها تعريفا له بأنه ""علم وهندسة صنع آلات ذكية"".",6.189793118159144,فيما تغلب جهاز ديب بلو شرك إم بطل عالم غار كاسباروف مباراة شطرنج عام رقم نشر جون مكارثي ورق بحث عنوان ذكاء اصطناع عام رقم اقترح تعريف أن هندسة صنع آلة ذكي
"وفي عام 2011 تغلّب الحاسوب ""واستون"" من شركة ""آي بي إم"" على البطلين كين جينينغز وبراد روتر في برنامج المسابقات التلفزي ""جيوباردي"" الذي كان يقدمه ميرف غريفن على قناة ""سي بي أس"" الأميركية.",5.358373765410045,في عام رقم تغلب حاسوب استوى شرك إم بطل وكى جينينغز براد روتر برنامج مسابق تلفزة جيوباردي قدم ميرف غريفن قناة سي أس الأميركية
"عام 2015 استخدم حاسوب ""مينوا"" العملاق من شركة ""بايدو"" نوعا خاصا من ""الشبكة العصبية العميقة"" تسمى ""الشبكة العصبية التلافيفية"" (تشتهر باسم تكنولوجيا الذكاء الاصطناعي) وتستخدم التعلم العميق لتحديد وتصنيف الصور بمعدل دقة أعلى من الإنسان العادي.",5.388021054506444,عام رقم استخدم حاسوب مان عملاق شرك بايدو نوع خاص شبكة عصب عميق أسمى شبكة عصب تلافيف اشتهر اسم تكنولوجي ذكاء اصطناع استخدم تعلم عميق تحديد تصنيف صور معدل دقة أعلى إنس عادي
"عام 2016 تفوَّق برنامج الذكاء الصناعي ""ألفا غو""، الذي صنعته شركة ""ديب مايند"" -التابعة لـ""غوغل""- على اللاعب الكوري الجنوبي لي سيدول، المحترف في لعبة ""غو"" الآسيوية التقليدية، في مباراة من 5 مراحل.",5.215969435930708,عام رقم تفوق برنامج ذكاء صناع ألف غوي صنع شرك ديب مايند تابع لغوغل لاعب كور جنوب دال محترف عب غوي آسيوي تقليد مباراة رقم مراحل
وتشتهر هذه اللعبة القديمة بتعقيدها، إذ تعتمد على الإستراتيجية والحدس وتحتمل كثيرا من الاحتمالات، واعتقد كثيرون في المجال أنه لا يمكن لآلة التفوق فيها.,4.708777830647453,اشتهر لعب قديم تعقيد اعتمد إستراتيجي حدس احتمل احتمال اعتقد كثير مجال أن يم آلة تفوق
"وتمت برجمة ""ألفا غو"" بملايين الحركات لأساتذة اللعبة السابقين، فكان بإمكانه التنبؤ بفرصه بالفوز وتعديل خطة اللعب بناء على ذلك، ثم أطلق فريق ""ديب مايند"" برنامجا آخر سماه ""ألفاغو زيرو""، ولم يمنحه أية تعليمات إضافية، ومع ذلك استطاع تعليم نفسه من خلال اللعب ضد نفسه.",6.252724519525624,أمات رجم ألف غوي ملايين حركة أساتذة لعب سابق كان إمكان تنبؤ فرص فوز تعديل خطة لعب بناء طلق ريق ديب مايند برنامج آخر سم ألفاغو زيرو لم منح أية تعليم إضافة مع استطاع تعليم نفس خلال لعب ضد نفس
"وفي غضون ثلاثة أيام، تمكن ""ألفاغو زيرو"" من هزيمة كل نسخ ألفاغو، وفي غضون 40 يوما تمكن بشكل مستقل من اكتشاف مبادئ اللعبة التي تطلبت من البشرية آلاف السنوات لاكتشافها. كما طوّر الحاسوب إستراتيجيات جديدة خاصة به.",5.2570521255412554,في غضون أيام تم ألفاغو زيرو هزيم نسخ ألفاغو في غضون رقم يوم تم شكل مستقل اكتشاف مبادئ لعب تطلب بشر آلاف سنوات اكتشاف طور حاسوب إستراتيجي جديد
"ثم بدأ الذكاء الاصطناعي يدخل في الحياة العامة للناس، فاستعمل في مكانس كهربائية ذكية وأجهزة طهي، وفي السيارات الحديثة ذاتية القيادة، وفي الساعات الذكية والهواتف الحديثة وما تحتويه من ""مساعد صوتي"" مثل ""سيري"" في أجهزة الآيفون و""بكسبي"" لمستخدمي سامسونغ.",5.6994557605197995,بدأ ذكاء اصطناع دخل حياة عام ناس استعمل مكانس كهربائي ذكي أجهزة طهي في سيار حديث ذاتي قياد في ساعة ذكي هواتف حديث احتوى مساعد صوة سير أجهزة الآيفون كسبة مستخدم سامسونغ
"وأدى إطلاق برنامج ""شات جي بي تي"" عام 2022 إلى إحداث تغيير هائل في أداء الذكاء الاصطناعي وقدراته التوليدية الجديدة، فصار يحاكي البشر ويقدم معلومات بناء على قاعدة بيانات كبيرة، واستطاع عمل مهن وبمهارات كانت طوال الزمن خاصة بالبشر.",6.0256879998796835,أدى إطلاق برنامج شاتي جي عام رقم إحداث تغيير هائل أداء ذكاء اصطناع قدر توليد جديد صار حاكى بشر قدم معلوم بناء قاعد بيان كبير استطاع عمل مهن مهارة كانت طوال زمن بشر
ولم تقف حدود الذكاء الاصطناعي عند هذا الحد، بل أصبح يولد صورا وفيديوهات ونصوصا صوتية مقروءة بأشكال وأصوات مختلفة حسب المعطيات التي تطلب منه، وبات يستخدم لإنتاج أعمال كاملة كانت تتطلب عمل شهور خلال وقت قصير، فبات يهدد بزوال مهن كثيرة.,6.257619160661595,لم تقفي حدود ذكاء اصطناع حد ولد صور وفيديوهات ونصوصا صوت مقروء أشكال أصوات مختلف معطى تطلب بات استخدم إنتاج أعمال كامل كانت تطلب عمل شهور خلال وقت قصير بات هد زوال مهن كثير
لا يتوقف طموح العلماء والباحثين في مجال الذكاء الاصطناعي عند حد، ويبلغ ذروته عند من يتحدثون عن إمكانية تصنيع عقل ذي ذكاء خارق يفوق القدرة البشرية، ويتحدثون أيضا عن الوعي أو الشعور الاصطناعي.,5.209969063281068,توقف طموح علماء باحث مجال ذكاء اصطناع حد بلغ ذروة تحدث إمكان تصنيع عقل ذكاء خارق فوق قدر بشر تحدث وعي شعور اصطناع
"وفي غمرة السعادة بما تحقق والتطلع لما سوف يتحقق في هذا المجال، يحذر فريق من العلماء من أن ذلك قد يعني سيطرة الآلات واختفاء دور البشر، وقال عالم فيزياء الفلك البريطاني ستفين هوكينغ إن الذكاء الاصطناعي الكامل بمعنى ابتكار أجهزة حاسوب تمتلك عقولا خاصة بها ""يمكن أن يؤذن بنهاية الجنس البشري"".",6.811319023445039,في غمر سعادة تحقق تطلع تحقق مجال حذر ريق علماء عنى سيطرة آلة اختفاء دور بشر قال عالم فيزياء فلك بريطاني فان هوكينغ ذكاء اصطناع كامل معنى ابتكار أجهزة حاسوب امتلك عقول يم أذن نهاية جنس بشر
"ويعتبر مؤسس شركة ""تيسلا"" لإنتاج السيارات الكهربائية إيلون موسك الذكاء الاصطناعي ""أكبر تهديد يواجه وجودنا نحن البشر""، وشبّه الآلات التي تفكر بـ""الأسلحة النووية"" وبـ""الشيطان"".",4.941736432417115,اعتبر مؤسس شرك تيسلا إنتاج سيار كهربائي إيلون موسك ذكاء اصطناع كبر تهديد واجه جود بشر شبه آلة تفكر أسلحة نووي شيطان
وأجرى الفيلسوف السويدي نيك بوستروم، الذي يعمل بجامعة أوكسفورد، استطلاعا للرأي بين مجموعة من خبراء الذكاء الاصطناعي حول الموعد الذي يثقون أن العلم سيحقق فيه مستوى رفيعا من ذكاء الآلات.,5.098650412960419,أجرى فيلسوف سويدي ناك بوستروم عمل جامع أوكسفورد استطلاع رأي مجموع خبراء ذكاء اصطناع حول موعد يثقون علم حقق مستوى رفيع ذكاء آلة
وأعرب هؤلاء العلماء عن اعتقادهم بأن ذلك سيتحقق في المتوسط عام 2075، وبعد 30 عاما من ذلك يمكن ابتكار الآلات ذات الذكاء الفائق، التي يمكن أن تتفوق على تفكير الإنسان، وقال 21% ممن شملهم الاستطلاع إن ذلك لن يتحقق على الإطلاق.,5.779025500126466,أعرب علماء اعتقاد أن تحقق متوسط عام رقم بعد رقم عام يم ابتكار آلة ذكاء فائق يم تفوق تفكير إنس قال رقم شمل استطلاع تحقق إطلاق
أما أستاذ علم الحاسوب بجامعة مونتريال الكندية يوشوا بينغيو فيرى أنه لا ينبغي القلق من التقنيات الذكية، فهي تحتاج لسنوات كثيرة من التطور البطيء والتدريجي قبل أن تصل إلى المدى الذي يمكن الخشية منه، لأنها تستند في تطورها إلى علوم وأفكار لا تزال في بداياتها.,6.309086769561074,أستاذ حاسوب جامع مونتريال كندي وشى بينغيو رأى أن انبغى قلق تقني ذكي هي احتاج سنوات كثير تطور بطيء تدريج صلى مدى يم خشية أن استند تطور علوم أفكار أزال بداية
تبقى الآلات صناعة بشرية، قد تتأثر بخلفية البشر الدينية والثقافية والأخلاقية، لذلك تلزم الكثير من المؤسسات والدول مطوري هذا المجال بمراعاة مبادئ عدة للحفاظ على التوازن بين القفزات التقنية الواسعة والحقوق الأساسية للمستخدمين، ومنها:,5.707415436257148,بقى آلة صناع بشر تأثر خلف بشر دين ثقاف أخلاق ذلك ألزم كثير مؤسس دول مطور مجال مراعاة مبادئ عد حفاظ توازن قفز تقني واسع حقوق أساس مستخدم من
تابع الجزيرة نت على:,1.888402711259873,تابع جزيرة نات
استمتع بإنشاء التطبيقات واختبارها ونشرها على Oracle Cloud مجانًا.,2.917805048541531,استمتع إنشاء تطبيق اختبار نشر oracle cloud مجان
موضوعات الذكاء الاصطناعي,1.4513855654334076,موضوع ذكاء اصطناع
لقد أصبح الذكاء الاصطناعي مصطلحًا شاملًا للتطبيقات التي تؤدي مهام مُعقدة كانت تتطلب في الماضي إدخالات بشرية مثل التواصل مع العملاء عبر الإنترنت أو ممارسة لعبة الشطرنج. يُستخدم غالبًا هذا المصطلح بالتبادل مع مجالاته الفرعية، والتي تشمل التعلم الآلي (ML) والتعلم العميق.,6.190674906791254,قد ذكاء اصطناع مصطلح شامل تطبيق أدى مهام معقد كانت تطلب ماضي إدخال بشر تواصل عملاء عبر الإنترنت ممارس عب شطرنج استخدم مصطلح تبادل مجال فرع التي شمل تعلم آلة ml تعلم عميق
ومع ذلك، هناك اختلافات.. على سبيل المثال، يُركز التعلم الآلي على إنشاء أنظمة تتعلم أو تحسّن من أدائها استنادًا إلى البيانات التي تستهلكها. ومن المهم أن نلاحظ أنه على الرغم من أن كل سُبل التعلم الآلي ما هي إلّا ذكاء اصطناعي، فإنه ليس كل ذكاء اصطناعي يُعد تعلمًا آليًا.,6.098700841461703,مع اختلاف سبيل مثال ركز تعلم آلة إنشاء نظم تعلم تحسن أداء استناد بيان استهلك مهم لاحظ أن رغم سبل تعلم آلة ذكاء اصطناع إن ذكاء اصطناع أعاد تعلم آلي
للحصول على القيمة الكاملة من الذكاء الاصطناعي، تقوم العديد من الشركات باستثمارات كبيرة في فرق علوم البيانات. يجمع علم البيانات بين الإحصاءات وعلوم الكمبيوتر والمعرفة بالأعمال لاستخلاص القيمة من مصادر البيانات المختلفة.,4.806704334136747,حصول قيم كامل ذكاء اصطناع تقوم عديد شركة استثمار كبير فرق علوم بيان جمع بيان إحصاء علوم كمبيوتر معرفة أعمال استخلاص قيم مصادر بيان مختلف
يستخدم المطورون الذكاء الاصطناعي لأداء المهام التي يتم تنفيذها يدويًا بكفاءة أكبر، والتواصل مع العملاء، وتحديد الأنماط، وحل المشكلات. للبدء في استخدام الذكاء الاصطناعي، يجب أن يكون للمطورين خلفية في الرياضيات ويشعرون بالراحة مع الخوارزميات.,5.436218224019627,استخدم مطور ذكاء اصطناع أداء المهام يتم تنفيذ يدوي كفاء كبر تواصل عملاء تحديد أنماط وحل مشكل بدء استخدام ذكاء اصطناع جبى كوى مطور خلف الرياض شعر راح الخوارزميات
عند البدء باستخدام الذكاء الاصطناعي لإنشاء تطبيق، يساعد على البدء على نطاق صغير. من خلال بناء مشروع بسيط نسبيًا، مثل tic-tac-toe، على سبيل المثال، ستتعلم أساسيات الذكاء الاصطناعي. يعد التعلم عن طريق الممارسة وسيلة رائعة لتحسين أي مهارة، والذكاء الاصطناعي لا يختلف عن ذلك. بمجرد الانتهاء من مشروع صغير أو أكثر بنجاح، لا توجد حدود للمكان الذي يمكن أن يأخذك فيه الذكاء الاصطناعي.,6.839042310212961,بدء استخدام ذكاء اصطناع إنشاء تطبيق ساعد بدء نطاق صغير خلال بناء مشروع بسيط نسب tictactoe سبيل مثال تعلم أساس ذكاء اصطناع أعاد تعلم طريق ممارس وسيلة رائع تحسي مهار ذكاء اصطناع اختلف مجرد انتهاء مشروع صغير نجاح توجد حدود مكان يم أخذ ذكاء اصطناع
إن المبدأ الرئيسي للذكاء الاصطناعي هو أن يحاكي ويتخطى الطريقة التي يستوعب ويتفاعل بها البشر مع العالم من حولنا. الأمر الذي أصبح سريعًا الركيزة الأساسية لتحقيق الابتكار. ‏‫بعد أن أصبح الذكاء الاصطناعي مزودًا بأشكال عدة من التعلم الآلي التي تتعرف على أنماط البيانات بما يُمكّن من عمل التنبؤات، يمكن للذكاء الاصطناعي إضافة قيمة إلى أعمالك من خلال,6.68553162214185,مبدأ رئيس ذكاء اصطناع حاكى تخطى طريق استوعب تفاعل بشر عالم حول أمر سريع ركيزة أساس تحقيق ابتكار ذكاء اصطناع مزود أشكال عد تعلم آلة تعرف أنماط بيان يم عمل تنبؤ يم ذكاء اصطناع إضافة قيم أعمال خلال
تعمل تكنولوجيا الذكاء الاصطناعي على تحسين أداء المؤسسات وإنتاجيتها عن طريق أتمتة العمليات أو المهام التي كانت تتطلب القوة البشرية فيما مضى. كما يمكن للذكاء الاصطناعي فهم البيانات على نطاق واسع لا يمكن لأي إنسان تحقيقه. وهذه القدرة يمكن أن تعود بمزايا كبيرة على الأعمال. فعلى سبيل المثال، تستخدم شركة Netflix التعلم الآلي لتوفير مستوى من التخصيص مما ساعد الشركة على تنمية قاعدة عملائها بأكثر من 25 بالمائة.,7.553815370142909,عمل تكنولوجي ذكاء اصطناع تحسي أداء مؤسس إنتاج طريق أتمتة عملة المهام كانت تطلب قوة بشر مضى يم ذكاء اصطناع هم بيان نطاق واسع يم أي إنس تحقيق هذه قدر يم تعود مزايا كبير أعمال على سبيل مثال استخدم شرك netflix تعلم آلة توفير مستوى تخصيص ساعد شرك تنمية قاعد عملاء أكثر رقم بالمائة
معظم الشركات جعلت من علوم البيانات أولوية بالنسبة لها وما زالت تستثمر فيها بشكل كبير. استطلاع رأي لمنظمة McKinsey لعام 2021 عن الذكاء الاصطناعي اكتشف أن الشركات التي أبلغت عن تبني الذكاء الاصطناعي في وظيفة واحدة على الأقل زادت إلى 56 بالمائة، بزيادة عن 50 بالمائة في السنة السابقة. بالإضافة إلى ذلك، أفاد 27 في المائة من المستجيبين أن 5 في المائة على الأقل من الأرباح يمكن أن تعزى إلى الذكاء الاصطناعي، بزيادة عن 22 في المائة في العام السابق.,6.827705265916721,معظم شركة جعل علوم بيان أولوي نسب زالت استثمر شكل كبير استطلاع رأي منظم mckinsey عام رقم ذكاء اصطناع اكتشف شركة بلغ تبن ذكاء اصطناع وظيف واحد أقل زاد رقم بالمائة زيادة رقم بالمائة سنة سابق إضافة فادي رقم المائة مستجيب رقم المائة أقل أرباح يم عزى ذكاء اصطناع زيادة رقم المائة عام سابق
يقدم الذكاء الاصطناعي قيمة لمعظم الوظائف والأعمال والمجالات. فهو يشمل تطبيقات عامة وتطبيقات لمجالات معينة، مثل,3.848088678677802,قدم ذكاء اصطناع قيم معظم وظائف أعمال مجال هو شمل تطبيق تطبيق مجال معين
وفقًا لمراجعة أعمال Harvard، تستخدم الشركات الذكاء الاصطناعي في المقام الأول من أجل,3.3143475617347717,وفق مراجع أعمال harvard استخدم شركة ذكاء اصطناع مقام أول
هناك ثلاثة عوامل تحث على تطوير الذكاء الاصطناعي عبر الصناعات.,2.9344096390086127,عوامل أحث تطوير ذكاء اصطناع عبر صناعة
توجد مراحل متعددة في تطوير نماذج التعلم الآلي ونشرها، بما في ذلك التدريب والاستنتاج. يشير التدريب على الذكاء الاصطناعي والاستنتاج إلى عملية تجربة نماذج التعلم الآلي لحل مشكلة.,4.274900842587863,توجد مراحل متعدد تطوير نماذج تعلم آلة نشر تدريب استنتاج أشار تدريب ذكاء اصطناع استنتاج عملة تجربة نماذج تعلم آلة حل مشكل
على سبيل المثال، قد يُجرب مهندس التعلم الآلي نماذج مرشحين مختلفة لمشكلة في رؤية الكمبيوتر، مثل اكتشاف كسور العظام على صور الأشعة السينية.,4.562036772602281,سبيل مثال جرب مهندس تعلم آلة نماذج مرشح مختلف مشكل رؤى كمبيوتر اكتشاف سور عظام صور أشعة سين
لتحسين دقة هذه النماذج، يقوم المهندس بتغذية البيانات إلى النماذج وضبط المعلمات حتى تفي بحد محدد مسبقًا. تطور احتياجات التدريب هذه، التي يتم قياسها حسب تعقيد النموذج، بشكل كبير كل عام.,5.1621659170597605,تحسي دقة نماذج قام مهندس تغذي بيان نماذج ضبط معلم تف حد محدد مسبق تطور احتياج تدريب يتم قياس تعقيد نموذج شكل كبير عام
تشمل تقنيات البنية التحتية الأساسية للتدريب على الذكاء الاصطناعي على نطاق واسع شبكات المجموعات، مثل RDMA وInfiniBand وحوسبة وحدة معالجة الرسومات بدون أنظمة تشغيل والتخزين عالي الأداء.,4.9535859089823315,شمل تقني بن تحت أساس تدريب ذكاء اصطناع نطاق واسع شبكة مجموع rdma وinfiniband حوسبة وحد معالج رسومات بدون نظم تشغيل تخزين عال أداء
هناك العديد من قصص النجاح التي تثبت قيمة الذكاء الاصطناعي. إن الشركات التي تضيف التعلم الآلي والتفاعل الإدراكي إلى عمليات الأعمال التقليدية والتطبيقات يمكنها أن تحسّن بشدة من تجربة المستخدم وتعزز من الإنتاجية.,5.295624410595235,عديد قصص نجاح تثبت قيم ذكاء اصطناع شركة أضاف تعلم آلة تفاعل إدراك عملة أعمال تقليد تطبيق أمكن تحسن شدة تجربة مستخدم تعزز إنتاج
ومع ذلك، هناك بعض العقبات. حيث قامت القليل من الشركات بنشر الذكاء الاصطناعي على نطاق واسع، لعدة أسباب. على سبيل المثال، إذا لم تستخدم الحوسبة السحابية، فغالبًا تكون مشروعات التعلم الآلي مُكلفة للغاية. كما أنها مُعقدة في الإنشاء وتتطلب خبرة عالية الطلب مع نقص الإمدادات. إن معرفة متى وأين يتم دمج هذه المشروعات، بالإضافة إلى وقت اللجوء إلى الجهات الخارجية، سيساعد على تقليل هذه الصعوبات.,7.593240150455065,مع عقب قام قليل شركة نشر ذكاء اصطناع نطاق واسع عد أسباب سبيل مثال استخدم حوسبة سحاب غالب تكون مشروع تعلم آلة مكلف غاي أن معقد إنشاء تطلب خبر عال طلب نقص إمداد معرفة أين يتم دمج مشروع إضافة وقت لجوء جهة خارجي ساعد تقليل صعوبة
يُعد الذكاء الاصطناعي هو العامل الدافع وراء بعض قصص النجاح المهمة.,3.1609083089584686,أعاد ذكاء اصطناع عامل دافع وراء قصص نجاح مهمة
إن ظهور الحلول والأدوات التي تعتمد على الذكاء الاصطناعي يعني أن بإمكان المزيد من الشركات الاستفادة من الذكاء الاصطناعي بتكلفة أقل وفي وقت أقل. يشير مصطلح الذكاء الاصطناعي الجاهز للاستخدام إلى الحلول والأدوات والبرامج التي تحتوي إما على قدرات ذكاء اصطناعي مضمنة أو تعمل على أتمتة عملية صنع القرار الخوارزمي.,5.899921302057455,ظهور حلول أدوات اعتمد ذكاء اصطناع عنى إمكان مزيد شركة استفادة ذكاء اصطناع تكلف في وقت أشار مصطلح ذكاء اصطناع جاهز استخدام حلول أدوات برامج احتوى قدر ذكاء اصطناع مضمن عمل أتمتة عملة صنع قرار الخوارزمي
يتضمن الذكاء الاصطناعي الجاهز للاستخدام قواعد بيانات ذاتية الإصلاح ونماذج مسبقة الإنشاء للتعرف على الصور وتحليل النصوص في مجموعات بيانات مختلفة.,4.204626236118416,تضمن ذكاء اصطناع جاهز استخدام قواعد بيان ذاتي إصلاح نماذج مسبق إنشاء تعرف صور تحليل نصوص مجموع بيان مختلف
التواصل مع العملاء من خلال روبوتات المحادثة. تستخدم روبوتات المحادثة طريقة معالجة للّغات الطبيعية لفهم العملاء وتسمح لهم بطرح الأسئلة والحصول على المعلومات. كما يمكن لهذه الروبوتات التعلم مع مرور الوقت حتى تتمكن من إضافة قيمة أكبر لتفاعلات العملاء.,5.405271628736299,تواصل عملاء خلال روبوت محادث استخدم روبوت محادث طريق معالج لغة طبيعة فهم عملاء سمح طرح أسئلة حصول معلوم يم هذه روبوت تعلم مرور وقت أتم إضافة قيم كبر تفاعل عملاء
مراقبة مركز البيانات. تستطيع عمليات تكنولوجيا المعلومات تبسيط المراقبة من خلال منصة سحابية تدمج جميع البيانات وتتبع الحدود وأوجه الخلل تلقائيًا.,4.380112276799269,مراقب مركز بيان استطاع عملة تكنولوجي معلوم تبسيط مراقب خلال منصة سحاب أدمج بيان تتبع حدود أوجه خلل تلقاء
إجراء تحليل للأعمال دون الحاجة إلى خبراء. تسمح الأدوات التحليلية المزودة بواجهة مستخدم مرئية للأشخاص غير التقنيين بالبحث بسهولة داخل النظام والحصول على إجابات مفهومة.,4.909389615677168,إجراء تحليل أعمال حاج خبراء سمح أدوات تحليل مزود واجهة مستخدم مرئية أشخاص تقني بحث سهولة داخل نظام حصول إجابة مفهوم
إن تحقيق أقصى استفادة من الذكاء الاصطناعي، وتجنب المشكلات التي تمنع نجاح عمليات التنفيذ، يعني خلق ثقافة عامة بين الفرق تدعم بشكل كامل النظام البيئي للذكاء الاصطناعي. في هذا النوع من البيئات,5.297444913047892,تحقيق أقصى استفادة ذكاء اصطناع تجنب مشكل تمنع نجاح عملة تنفيذ عنى خلق ثقاف فرق دعم شكل كامل نظام بيئة ذكاء اصطناع نوع بيئة
مع وصول قدرات الذكاء الاصطناعي إلى عمليات المؤسسة الرئيسة، ظهر مصطلح جديد يسمى: التحليل الذكي التكيفي. تساعد تطبيقات الذكاء التكيفي الشركات على اتخاذ قرارات أعمال أفضل من خلال الجمع بين قوة البيانات الداخلية والخارجية في الوقت الفعلي مع علوم اتخاذ القرار والبنية التحتية الحوسبية عالية المستوى.,6.112955748544103,وصول قدر ذكاء اصطناع عملة مؤسس رئيس ظهر مصطلح جديد أسمى تحليل ذكي تكيف ساعد تطبيق ذكاء تكيف شركة اتخاذ قرار أعمال فضل خلال جمع قوة بيان داخلي خارجي وقت فعل علوم اتخاذ قرار بن تحت حوسبة عال مستوى
وتعمل هذه التطبيقات بشكل أساسي على جعل عملك أكثر ذكاءً. وهذا بدوره يمكنك من تزويد عملائك بمنتجات وتوصيات وخدمات أفضل، وكل ذلك يؤدي إلى نتائج أعمال أفضل.,4.842605234176698,عمل تطبيق شكل أساس عمل ذكاء هذا دور أمكن تزويد عملاء منتج توصية خدمة فضل كل أدى نتائج أعمال فضل
تُعد تقنية الذكاء الاصطناعي تقنية إستراتيجية حتمية تعمل على الحصول على كفاءة أكبر وفرص جديدة للدخل وتعزيز ولاء العملاء. كما أنها تتحول بسرعة إلى ميزة تنافسية للعديد من المؤسسات. فمع الذكاء الاصطناعي، يمكن للشركات إنجاز المزيد من المهام في وقت أقل، وإنشاء تجارب عملاء مُخصصة وجذابة، والتنبؤ بنتائج الأعمال لزيادة الربحية.,6.5924541370113445,تعدي تقني ذكاء اصطناع تقني إستراتيجي حتم عمل حصول كفاء كبر فرص جديد دخل تعزيز ولاء عملاء أن تحول سرع ميز تنافس عديد مؤسس مع ذكاء اصطناع يم شركة إنجاز مزيد المهام وقت إنشاء تجارب عملاء مخصص جذاب تنبؤ نتائج أعمال زيادة ربح
ولكن الذكاء الاصطناعي لا يزال تقنية جديدة ومعقدة. فللحصول على أقصى استفادة منها، تحتاج إلى الخبرة في كيفية إنشاء حلول الذكاء الاصطناعي وإدارتها على نطاق واسع. يتطلب مشروع الذكاء الاصطناعي أكثر من مجرد توظيف عالم بيانات. فيجب على الشركات تنفيذ الأدوات والعمليات وإستراتيجيات الإدارة لضمان نجاح تقنية الذكاء الاصطناعي.,6.137260544771924,ذكاء اصطناع أزال تقني جديد معقد حصول أقصى استفادة احتاج خبر كيفية إنشاء حلول ذكاء اصطناع إدارة نطاق واسع تطلب مشروع ذكاء اصطناع مجرد توظيف عالم بيان جبى شركة تنفيذ أدوات عملة إستراتيجي إدارة ضمان نجاح تقني ذكاء اصطناع
قدمت مراجعة أعمال Harvard التوصيات التالية لبدء العمل مع الذكاء الاصطناعي:,3.1434212938184403,قدم مراجع أعمال harvard توصية تالي بدء عمل ذكاء اصطناع
لا يوجد اختيار للخروج من التحول إلى الذكاء الاصطناعي. للحفاظ على القدرة التنافسية، يجب على كل شركة في نهاية المطاف احتضان الذكاء الاصطناعي وإنشاء نظام بيئي للذكاء الاصطناعي. ومن الطبيعي بالنسبة للشركات التي تفشل في تبني الذكاء الاصطناعي بقدرة ما على مدى السنوات العشر القادمة أن تظل في المؤخرة.,6.180946410721406,أوجد اختيار خروج تحول ذكاء اصطناع حفاظ قدر تنافس جبى شرك نهاية مطاف احتضان ذكاء اصطناع إنشاء نظام بيئة ذكاء اصطناع طبيعة نسب شركة فشل تبن ذكاء اصطناع قدر مدى سنوات عشر قادم أظل مؤخر
على الرغم من أن شركتك قد تكون استثناءً لهذه القاعدة، إلا أن معظم الشركات لا تمتلك المهارات والخبرات الداخلية لتطوير نوع النظام البيئي والحلول التي يمكنها زيادة قدرات الذكاء الاصطناعي.,5.159136782789052,رغم شرك تكون استثناء هذه قاعد معظم شركة امتلك مهارة خبر داخلي تطوير نوع نظام بيئة حلول أمكن زيادة قدر ذكاء اصطناع
لنجاح رحلة التحول إلى الذكاء الاصطناعي التي تتضمن تطوير الاستراتيجية والوصول إلى الأدوات، ابحث عن شريك لديه الخبرة في المجال ومجموعة شاملة من الذكاء الاصطناعي.,4.495956139197318,نجاح رحل تحول ذكاء اصطناع تضمن تطوير الاستراتيجية وصول أدوات بحث شري لدى خبر مجال مجموع شامل ذكاء اصطناع
الذكاء الاصطناعي (AI) هو مجال علوم الكمبيوتر المخصص لحل المشكلات المعرفية المرتبطة عادةً بالذكاء البشري، مثل التعلم والإبداع والتعرف على الصور. تجمع المؤسسات الحديثة كمياتٍ كبيرةً من البيانات من مصادر متنوعة مثل أجهزة الاستشعار الذكية والمحتوى الذي ينشئه الإنسان وأدوات المراقبة وسجلات النظام. الهدف من الذكاء الاصطناعي هو إنشاء أنظمة ذاتية التعلم تستخلص المعاني من البيانات. بعد ذلك، يُمكن للذكاء الاصطناعي تطبيق تلك المعرفة لحل المشكلات الجديدة بطرق تشبه الإنسان. على سبيل المثال، يُمكن لتقنية الذكاء الاصطناعي الاستجابة بشكل هادف للمحادثات البشرية، وإنشاء صور ونصوص أصلية، واتخاذ القرارات بناءً على مُدخلات البيانات في الوقت الفعلي. يمكن لمؤسستك دمج إمكانات الذكاء الاصطناعي في تطبيقاتك لتحسين عمليات الأعمال لديك وتحسين تجارب العملاء وتسريع الابتكار.,9.21439588517766,ذكاء اصطناع ai مجال علوم كمبيوتر مخصص حل مشكل معرفة مرتبط عاد ذكاء بشر تعلم إبداع تعرف صور تجمع مؤسس حديث كم كبير بيان مصادر متنوع أجهزة استشعار ذكي محتوى أنشأ إنس أدوات مراقب سجل نظام هدف ذكاء اصطناع إنشاء نظم ذاتي تعلم استخلص معاني بيان يم ذكاء اصطناع تطبيق معرفة حل مشكل جديد طرق تشبه إنس سبيل مثال يم تقني ذكاء اصطناع استجابة شكل هادف محادث بشر إنشاء صور نصوص أصل اتخاذ قرار بناء مدخل بيان وقت فعل يم مؤسس دمج إمكان ذكاء اصطناع تطبيق تحسي عملة أعمال لدى تحسي تجارب عملاء تسريع ابتكار
"في ورقته البحثية عام 1950 التي بعنوان ""آلات الحوسبة والذكاء""، قام آلان تورنج بدراسة مدى إمكانية قيام الآلات بالتفكير. في هذا الورقة البحثية، صاغ تورنج لأول مرة المصطلح الذكاء الاصطناعي وعرضه كمفهوم نظري وفلسفي.",5.2137524289209,ورق بحث عام رقم عنوان آلة حوسبة ذكاء آلان تورنج دراس مدى إمكان قيام آلة تفكير ورق بحث صاغي تورنج أول مرة مصطلح ذكاء اصطناع عرض مفهوم نظرة فلسفة
بين عامي 1957 و1974، سمحت التطورات في الحوسبة لأجهزة الكمبيوتر بتخزين المزيد من البيانات ومعالجتها بشكل أسرع. خلال هذه الفترة، طوّر العلماء خوارزميات تعلّم الآلة (ML). أدى التقدم في هذا المجال إلى قيام وكالات مثل وكالة مشروعات البحوث المتطورة الدفاعية (DARPA) بإنشاء صندوق لأبحاث الذكاء الاصطناعي. في البداية، كان الهدف الرئيسي من هذه الورقة البحثية هو استكشاف ما إذا كانت أجهزة الكمبيوتر يمكنها نسخ اللغة المنطوقة وترجمتها.,7.672060712908725,عام رقم رقم سمح تطور حوسبة أجهزة كمبيوتر تخزين مزيد بيان معالج شكل أسرع خلال فترة طور علماء خوارزميات تعلم آلة ml أدى تقدم مجال قيام كال كال مشروع بحوث متطور دفاع darpa إنشاء صندوق أبحاث ذكاء اصطناع بداية هدف رئيس ورق بحث استكشاف كانت أجهزة كمبيوتر أمكن نسخ لغة منطوق ترجمة
خلال الثمانينيات من القرن العشرين، تيسّرت عملية التطوير بفضل التمويل المعزز الذي أتيح وبفضل التوسع في مجموعة الأدوات الخوارزمية التي استخدمها العلماء في الذكاء الاصطناعي. نشر ديفيد روميلهارت وجون هوبفيلد أبحاثًا حول تقنيات التعليم العميق، والتي أظهرت أن أجهزة الكمبيوتر يمكن أن تتعلم من التجربة.,6.363000084620379,خلال ثمانين قرن عشر تيسر عملة تطوير فضل تمويل معزز أتاح فضل توسع مجموع أدوات الخوارزمية استخدم علماء ذكاء اصطناع نشر ديفيد روميلهارت جون هوبفيلد بحاث حول تقني تعليم عميق التي ظهر أجهزة كمبيوتر يم تعلم تجربة
في الفترة من عام 1990 إلى أوائل عام 2000، حقق العلماء العديد من أهداف الذكاء الاصطناعي الأساسية، مثل تحقيق الفوز على بطل العالم في الشطرنج. مع وجود المزيد من بيانات الحوسبة وتزايد قدرة المعالجة في العصر الحديث مقارنةً بالعقود السابقة، أصبحت أبحاث الذكاء الاصطناعي الآن أكثر شيوعًا وأكثر سهولةً. إنه يتطور بسرعة إلى الذكاء الاصطناعي العام حتى تتمكن البرامج من أداء المهام المعقدة. يُمكن للبرامج إنشاء واتخاذ القرارات والتعلّم بمفردها، وهي مهام كانت تقتصر في السابق على العنصر البشري.,8.035310101324558,فترة عام رقم أوائل عام رقم حقق علماء عديد أهداف ذكاء اصطناع أساس تحقيق فوز بطل عالم شطرنج جود مزيد بيان حوسبة تزايد قدر معالج عصر حديث مقارن عقود سابق صبح بحاث ذكاء اصطناع شيوع أكثر سهولة تطور سرع ذكاء اصطناع عام أتم برامج أداء المهام معقد يم برامج إنشاء اتخاذ قرار تعلم مفرد هي مهام كانت اقتصر سابق عنصر بشر
يتمتع الذكاء الاصطناعي بالقدرة على تقديم مجموعة من المزايا لمختلف القطاعات.,3.0164911215285826,تمتع ذكاء اصطناع قدر تقديم مجموع مزايا مختلف قطاع
يمكن لتقنية الذكاء الاصطناعي استخدام تعلّم الآلة وشبكات التعليم العميق في حل المشكلات المعقدة بذكاء يشبه ذكاء العنصر البشري. يمكن للذكاء الاصطناعي معالجة المعلومات على نطاق واسع، عن طريق مواجهة الأنماط وتحديد المعلومات وتقديم الإجابات. يُمكنك استخدام الذكاء الاصطناعي في حل المشكلات التي تواجه مجموعةً من المجالات مثل اكتشاف الاحتيال والتشخيص الطبي وتحليلات الأعمال.,6.374444626117785,يم تقني ذكاء اصطناع استخدام تعلم آلة شبكة تعليم عميق حل مشكل معقد ذكاء أشبه ذكاء عنصر بشر يم ذكاء اصطناع معالج معلوم نطاق واسع طريق مواجه أنماط تحديد معلوم تقديم إجابة أمكن استخدام ذكاء اصطناع حل مشكل تواجه مجموع مجال اكتشاف احتيال تشخيص طب تحليل أعمال
على عكس العناصر البشرية، يُمكن لتقنية الذكاء الاصطناعي العمل على مدار الساعة طوال أيام الأسبوع بدون أن تنخفض معدلات الأداء. بعبارة أخرى، يمكن للذكاء الاصطناعي أداء المهام اليدوية بلا أخطاء. يُمكنك السماح للذكاء الاصطناعي بالتركيز على المهام المتكررة والمملة، حتى تتمكن من استخدام الموارد البشرية في مجالات أخرى من الأعمال. يمكن للذكاء الاصطناعي تقليل أعباء عمل الموظفين وفي الوقت نفسه تيسير جميع المهام المتعلقة بالأعمال.,6.792989293816394,عكس عناصر بشر يم تقني ذكاء اصطناع عمل مدار ساعة طوال أيام أسبوع بدون انخفض معدل أداء عبار أخرى يم ذكاء اصطناع أداء المهام يدوي بلا أخطاء أمكن سماح ذكاء اصطناع تركيز المهام متكرر ممل أتم استخدام موارد بشر مجال أخرى أعمال يم ذكاء اصطناع تقليل أعباء عمل موظف في وقت نفس تيسير المهام متعلق أعمال
يُمكن للذكاء الاصطناعي استخدام تعلّم الآلة في تحليل كميات كبيرة من البيانات بشكل أسرع من أي عنصر بشري. يُمكن لمنصات الذكاء الاصطناعي تحديد الاتجاهات وتحليل البيانات وتقديم التوجيه. من خلال التنبؤ بالبيانات، يساعد الذكاء الاصطناعي في اقتراح أفضل مسار للعمل في المستقبل.,5.641940902662491,يم ذكاء اصطناع استخدام تعلم آلة تحليل كم كبير بيان شكل أسرع عنصر بشر يم منصة ذكاء اصطناع تحديد اتجاه تحليل بيان تقديم توجيه خلال تنبؤ بيان ساعد ذكاء اصطناع اقتراح فضل مسار عمل مستقبل
يُمكنك تدريب الذكاء الاصطناعي باستخدام تعلّم الآلة حتى يتسنى له تنفيذ المهام بدقة وبسرعة. يمكن أن يؤدي ذلك إلى زيادة الكفاءة التشغيلية من خلال أتمتة أجزاء العمل التي يعاني الموظفون في تنفيذها أو يجدونها مملةً. وبالمثل، يُمكنك استخدام أتمتة الذكاء الاصطناعي لتحرير موارد الموظفين لإجراء عمل أكثر تعقيدًا وإبداعًا.,6.404384956701225,أمكن تدريب ذكاء اصطناع استخدام تعلم آلة تسنى تنفيذ المهام دقة سرع يم أدى زيادة كفاء تشغيل خلال أتمتة جزاء عمل عانى موظف تنفيذ أجدى ممل مثل أمكن استخدام أتمتة ذكاء اصطناع تحرير موارد موظف إجراء عمل تعقيد إبداع
يتضمن الذكاء الاصطناعي مجموعةً كبيرةً من الاستخدامات. على الرغم من أنها ليست قائمةً شاملةً، فإليك مجموعة من الأمثلة التي تسلط الضوء على حالات استخدام الذكاء الاصطناعي المتنوعة.,4.4145492697826025,تضمن ذكاء اصطناع مجموع كبير استخدام رغم أن قائم شامل إلى مجموع أمثل تسلط ضوء حال استخدام ذكاء اصطناع متنوع
تقوم المعالجة الذكية للمستند (IDP) بترجمة تنسيقات المستندات غير المهيكلة إلى بيانات قابلة للاستخدام. على سبيل المثال، تحوّل مستندات الأعمال مثل رسائل البريد الإلكتروني والصور وملفات PDF إلى معلومات مهيكلة. تستخدم المعالجة الذكية للمستند (IDP) تقنيات الذكاء الاصطناعي مثل معالجة اللغة الطبيعية (NLP) والتعليم العميق ورؤية الكمبيوتر لاستخراج البيانات وتصنيفها والتحقق من صحتها.,6.3776387747275445,تقوم معالج ذكي مستند idp ترجمة تنسيق مستند مهيكل بيان قابل استخدام سبيل مثال تحول مستند أعمال رسائل بريد إلكترون صور ملف pdf معلوم مهيكل استخدم معالج ذكي مستند idp تقني ذكاء اصطناع معالج لغة طبيعة nlp تعليم عميق رؤى كمبيوتر استخراج بيان تصنيف تحقق صحة
على سبيل المثال، تقوم هيئة تسجيل الأراضي HM Land Registry بمعالجة سندات الملكية لأكثر من 87 بالمائة في إنجلترا وويلز. يقوم دارسو الحالة في هيئة تسجيل الأراضي HMLR بمقارنة ومراجعة المستندات القانونية المعقدة المتعلقة بمعاملات الملكية. قامت المؤسسة بنشر تطبيق ذكاء اصطناعي لأتمتة عملية مقارنة المستندات، ما أدى إلى خفض وقت المراجعة بنسبة 50 بالمائة وزيادة الموافقة على عمليات نقل الملكية. لمزيد من المعلومات، اقرأ حول كيفية استخدام Amazon Textract من قِبل HMLR.,7.1722269713065705,سبيل مثال تقوم هيئة تسجيل أراضي hm land registry معالج سند ملك أكثر رقم بالمائة إنجلترا وويلز قام دارس حال هيئة تسجيل أراضي hmlr مقارن مراجع مستند قانون معقد متعلق معامل ملك قام مؤسس نشر تطبيق ذكاء اصطناع لأتمتة عملة مقارن مستند أدى خفض وقت مراجع نسب رقم بالمائة زيادة موافق عملة نقل ملك مزيد معلوم قرأ حول كيفية استخدام amazon textract hmlr
مراقبة أداء التطبيقات (APM) هي عملية استخدام أدوات برمجية وبيانات قياس عن بُعد لمراقبة أداء التطبيقات المهمة للأعمال. تستخدم أدوات مراقبة أداء التطبيقات (APM) المستندة إلى الذكاء الاصطناعي البيانات التاريخية للتنبؤ بالمشكلات قبل حدوثها. يمكنها أيضًا حل المشكلات في الوقت الفعلي من خلال اقتراح حلول فعالة لمطوريك. تحافظ هذه الإستراتيجية على تشغيل التطبيقات بفعالية وتعالج العقبات.,6.137340611675411,مراقب أداء تطبيق apm عملة استخدام أدوات برمجة بيان قياس مراقب أداء تطبيق مهمة أعمال استخدم أدوات مراقب أداء تطبيق apm مستند ذكاء اصطناع بيان تاريخ تنبؤ مشكل حدوث أمكن حل مشكل وقت فعل خلال اقتراح حلول فعال مطور حافظ إستراتيجي تشغيل تطبيق فعال تعالج عقب
على سبيل المثال، تنتج Atlassian منتجات تهدف إلى تيسير العمل الجماعي والتنظيم. تستخدم Atlassian أدوات مراقبة أداء التطبيقات (APM) المستندة إلى الذكاء الاصطناعي لمراقبة التطبيقات باستمرار واكتشاف المشكلات المحتملة وتحديد المخاطر ذات الأولوية. مع هذه الوظيفة، يمكن للفرق الاستجابة بسرعة للتوصيات المدعومة بتعلّم الآلة والتغلب على حالات انخفاض الأداء.,6.406890467179646,سبيل مثال أنتج atlassian منتج هدف تيسير عمل جماع تنظيم استخدم atlassian أدوات مراقب أداء تطبيق apm مستند ذكاء اصطناع مراقب تطبيق استمرار اكتشاف مشكل محتمل تحديد مخاطر أولوي وظيف يم فرق استجابة سرع توصية مدعوم تعلم آلة تغلب حال انخفاض أداء
اقرأ عن مراقبة أداء التطبيقات (APM) »,2.427352622823327,قرأ مراقب أداء تطبيق apm
الصيانة التنبؤية المحسّنة بالذكاء الاصطناعي هي عملية استخدام كميات كبيرة من البيانات في كشف المشكلات التي قد تؤدي إلى تعطل العمليات أو الأنظمة أو الخدمات. الصيانة التنبؤية تسمح للشركات بمعالجة المشكلات المحتملة قبل حدوثها، ما يقلل من وقت التعطل ويمنع الاضطرابات.,5.684863559566981,صيانة تنبؤ محسن ذكاء اصطناع عملة استخدام كم كبير بيان شف مشكل أدى تعطل عملة أنظمة خدمة صيانة تنبؤ سمح شركة معالج مشكل محتمل حدوث قلل وقت تعطل منع اضطراب
على سبيل المثال، تستخدم شركة Baxter عدد 70 موقعًا للتصنيع في جميع أنحاء العالم وتعمل على مدار الساعة طوال أيام الأسبوع لتقديم التكنولوجيا الطبية. تستخدم شركة Baxter الصيانة التنبؤية لتكتشف تلقائيًا الظروف غير الطبيعية في المعدات الصناعية. يُمكن للمستخدمين تنفيذ حلول فعّالة في وقت مبكر لتقليل وقت التعطل وتحسين الكفاءات التشغيلية. لمعرفة المزيد، اقرأ حول كيفية استخدام Amazon Monitron من قِبل Baxter.,6.990894508942429,سبيل مثال استخدم شرك baxter عدد رقم موقع تصنيع أنحاء عالم عمل مدار ساعة طوال أيام أسبوع تقديم تكنولوجي طب استخدم شرك baxter صيانة تنبؤ اكتشف تلقاء ظروف طبيعة معد صناع يم مستخدم تنفيذ حلول فعال وقت مبكر تقليل وقت تعطل تحسي كفاء تشغيل معرفة مزيد قرأ حول كيفية استخدام amazon monitron baxter
تستخدم الأبحاث الطبية الذكاء الاصطناعي لتبسيط العمليات وأتمتة المهام المتكررة ومعالجة كميات هائلة من البيانات. يُمكنك استخدام تقنية الذكاء الاصطناعي في الأبحاث الطبية لتيسير عملية اكتشاف الأدوية وتطويرها من البداية حتى النهاية، ونسخ السجلات الطبية، وتحسين وقت الوصول إلى السوق بالنسبة للمنتجات الجديدة.,5.515693985991787,استخدم أبحاث طب ذكاء اصطناع تبسيط عملة وأتمتة المهام متكرر معالج كم هائل بيان أمكن استخدام تقني ذكاء اصطناع أبحاث طب تيسير عملة اكتشاف أدوية تطوير بداية نهاية نسخ سجل طب تحسي وقت وصول سوق نسب منتج جديد
ومن الأمثلة الواقعية قيام شركة C2i Genomics باستخدام الذكاء الاصطناعي في تشغيل المسارات الجينومية والفحوصات السريرية عالية النطاق وقابلة للتخصيص. من خلال تغطية الحلول الحسابية، يُمكن للباحثين التركيز على الأداء السريري وتطوير الأساليب. تستخدم الفرق الهندسية أيضًا الذكاء الاصطناعي في الحد من متطلبات الموارد والصيانة الهندسية وتقليل التكاليف الهندسية غير المتكررة (NRE). لمزيد من التفاصيل، اقرأ حول كيفية استخدام AWS HealthOmics من قِبل C2i Genomics.,6.853791833426202,أمثل واقع قيام شرك cرقمi genomics استخدام ذكاء اصطناع تشغيل مسار جينوم والفحوصات سرير عال نطاق قابل تخصيص خلال تغطي حلول حساب يم باحث تركيز أداء سرير تطوير أساليب استخدم فرق هندسة ذكاء اصطناع حد متطلب موارد صيانة هندسة تقليل تكاليف هندسة متكرر nre مزيد تفاصيل قرأ حول كيفية استخدام aws healthomics cرقمi genomics
تستخدم تحليلات الأعمال الذكاء الاصطناعي في جمع مجموعات البيانات المعقدة ومعالجتها وتحليلها. يُمكنك استخدام تحليلات الذكاء الاصطناعي في التنبؤ بالقيم المستقبلية، وفهم السبب الجذري للبيانات، وتقليل العمليات التي تستغرق وقتًا طويلاً.,4.939579508761598,استخدم تحليل أعمال ذكاء اصطناع جمع مجموع بيان معقد معالج تحليل أمكن استخدام تحليل ذكاء اصطناع تنبؤ قيم مستقبل فهم سبب جذر بيان تقليل عملة استغرق قت طويل
على سبيل المثال، تستخدم Foxconn تحليلات الأعمال المحسّنة بالذكاء الاصطناعي في تحسين دقة التنبؤ. لقد حققت زيادةً بنسبة 8 في المائة في دقة التنبؤ، ما أدى إلى تحقيق وفورات سنوية تبلغ 533000 USD في مصانعها. كما أنها تستخدم تحليلات الأعمال لتقليل العمالة المهدرة وزيادة رضا العملاء من خلال اتخاذ قرارات قائمة على البيانات.,6.299284163566334,سبيل مثال استخدم foxconn تحليل أعمال محسن ذكاء اصطناع تحسي دقة تنبؤ قد حقق زيادة نسب رقم المائة دقة تنبؤ أدى تحقيق فور سنوي تبلغ رقم usd مصانع أن استخدم تحليل أعمال تقليل عمالة مهدر زيادة رض عملاء خلال اتخاذ قرار قائم بيان
إن شبكات التعليم العميق العصبونية تشكل جوهر تقنيات الذكاء الاصطناعي. إنها تحاكي المعالجة التي تحدث في الدماغ البشري. يحتوي الدماغ على ملايين الخلايا العصبية التي تعمل معًا لمعالجة المعلومات وتحليلها. تستخدم شبكات التعليم العميق العصبونية خلايا عصبية اصطناعية تعالج المعلومات معًا. تستخدم كل خلية عصبية اصطناعية، أو عقدة، عمليات حسابية رياضية لمعالجة المعلومات وحل المشكلات المعقدة. يُمكن لنهج التعليم العميق هذا حل المشكلات أو أتمتة المهام التي تتطلب عادةً ذكاءً بشريًا.,6.690186545407861,شبكة تعليم عميق العصبونية تشكل جوهر تقني ذكاء اصطناع إن تحاك معالج تحدث دماغ بشر احتوى دماغ ملايين خلايا عصب عمل مع معالج معلوم تحليل استخدم شبكة تعليم عميق العصبونية خلايا عصب اصطناع تعالج معلوم مع استخدم خلة عصب اصطناع عقد عملة حساب رياض معالج معلوم وحل مشكل معقد يم نهج تعليم عميق حل مشكل أتمتة المهام تطلب عاد ذكاء بشر
يُمكنك تطوير تقنيات ذكاء اصطناعي مختلفة من خلال تدريب شبكات التعليم العميق العصبونية بطرق مختلفة. نتناول فيما يلي بعض التقنيات الرئيسية التي تستند إلى شبكات عصبونية.,4.614734261206515,أمكن تطوير تقني ذكاء اصطناع مختلف خلال تدريب شبكة تعليم عميق العصبونية طرق مختلف تناول ولى تقني رئيس استند شبكة عصبونية
اقرأ عن التعليم العميق »,1.9919649355518976,قرأ تعليم عميق
اقرأ عن الشبكات العصبونية »,1.9792114228342514,قرأ شبكة العصبونية
تستخدم معالجة اللغة الطبيعية (NLP) خوارزميات التعليم العميق في تفسير المعنى وفهمه وجمعه من البيانات النصية. يمكن لمعالجة اللغة الطبيعية (NLP) أن تعالج النصوص التي ينشئها العنصر البشري، وهذا يجعلها مفيدةً في تلخيص المستندات، وأتمتة روبوتات الدردشة، وإجراء تحليل المشاعر.,5.66452172534456,استخدم معالج لغة طبيعة nlp خوارزميات تعليم عميق تفسير معنى فهم جمع بيان نص يم معالج لغة طبيعة nlp تعالج نصوص أنشأ عنصر بشر هذا جعل مفيد تلخيص مستند وأتمتة روبوت دردش إجراء تحليل مشاعر
القراءة حول معالجة اللغة الطبيعية »,2.222614623575866,قراء حول معالج لغة طبيعة
رؤية الكمبيوتر تستخدم تقنيات التعليم العميق في استخراج المعلومات والرؤى من مقاطع الفيديو والصور. باستخدام رؤية الكمبيوتر، يستطيع الكمبيوتر فهم الصور تمامًا مثل ما يفهمها العنصر البشري. يُمكنك استخدام رؤية الكمبيوتر في مراقبة المحتوى عبر الإنترنت بحثًا عن صور غير لائقة، وفي التعرف على الوجوه، وفي تصنيف تفاصيل الصور. من المهم جدًا في السيارات والشاحنات ذاتية القيادة مراقبة البيئة واتخاذ قرارات في جزء من الثانية.,6.615438148974121,رؤى كمبيوتر استخدم تقني تعليم عميق استخراج معلوم رؤى مقاطع فيديو صور استخدام رؤى كمبيوتر استطاع كمبيوتر هم صور تمام فهم عنصر بشر أمكن استخدام رؤى كمبيوتر مراقب محتوى عبر الإنترنت بحث صور لائق في تعرف وجوه في تصنيف تفاصيل صور مهم جدا سيار شاحن ذاتي قياد مراقب بيئة اتخاذ قرار جزء ثاني
اقرأ حول رؤية الكمبيوتر »,1.987149724420629,قرأ حول رؤى كمبيوتر
الذكاء الاصطناعي المولّد يشير إلى أنظمة الذكاء الاصطناعي التي يمكنها إنشاء محتوى جديد وعناصر جديدة مثل الصور ومقاطع الفيديو والنصوص والصوت من أوامر نصية بسيطة. على عكس الذكاء الاصطناعي السابق الذي كان يقتصر على تحليل البيانات، فإن الذكاء الاصطناعي المولّد يعزز التعليم العميق ومجموعات البيانات الضخمة لإنتاج مخرجات إبداعية مبتكرة عالية الجودة تشبه ما ينتجه العنصر البشري. في ظل تمكين التطبيقات الإبداعية المثيرة، توجد مخاوف بشأن التحيز والمحتوى الضار والملكية الفكرية. بشكل عام، يُمثل الذكاء الاصطناعي المولّد تطورًا كبيرًا في إمكانات الذكاء الاصطناعي لإنشاء محتوى جديد وعناصر جديدة بطريقة تشبه ما ينشئه العنصر البشري.,7.779703821959135,ذكاء اصطناع مولد أشار نظم ذكاء اصطناع أمكن إنشاء محتوى جديد عناصر جديد صور مقاطع فيديو نصوص صوت أوامر نص بسيط عكس ذكاء اصطناع سابق اقتصر تحليل بيان ذكاء اصطناع مولد أعز تعليم عميق مجموع بيان ضخم إنتاج مخرج إبداع مبتكر عال جود تشبه أنتج عنصر بشر ظل تمكين تطبيق إبداع مثير توجد مخاوف شأن تحيز محتوى ضار ملك فكر شكل عام مثل ذكاء اصطناع مولد تطور كبير إمكان ذكاء اصطناع إنشاء محتوى جديد عناصر جديد بطريق تشبه أنشأ عنصر بشر
القراءة حول الذكاء الاصطناعي المولّد »,2.02392610023398,قراء حول ذكاء اصطناع مولد
تستخدم برامج التعرف على الكلام نماذج التعليم العميق في تفسير الكلام البشري، وتحديد الكلمات، واكتشاف المعنى. يمكن للشبكات العصبونية تحويل الكلام إلى نص والإشارة إلى المشاعر الصوتية. يُمكنك استخدام ميزة التعرّف على الكلام الموجودة في تقنيات مثل أدوات المساعدة الافتراضية وبرامج مركز الاتصال لتحديد المعنى وتنفيذ المهام ذات الصلة.,5.851077007523483,استخدم برامج تعرف كلام نماذج تعليم عميق تفسير كلام بشر تحديد كلم اكتشاف معنى يم شبكة العصبونية تحويل كلام نص إشارة مشاعر صوت أمكن استخدام ميز تعرف كلام موجود تقني أدوات مساعد افتراض برامج مركز اتصال تحديد معنى تنفيذ المهام صل
اقرأ عن تحويل الكلام إلى نص »,2.372540779929507,قرأ تحويل كلام نص
بنية الذكاء الاصطناعي تتكون من أربع طبقات أساسية. كل طبقة من هذه الطبقات تستخدم تقنياتٍ مختلفةً لتنفيذ دور معين. فيما يلي شرح لما يحدث في كل طبقة.,4.586166494128554,بن ذكاء اصطناع تك طبق أساس طبق طبق استخدم تقني مختلف تنفيذ دور معين ولى شرح حدث طبق
الذكاء الاصطناعي يعتمد على تقنيات مختلفة مثل تعلّم الآلة، ومعالجة اللغة الطبيعية، والتعرف على الصور. تمثل البيانات محور هذه التقنيات، وتشكل الطبقة التأسيسية في الذكاء الاصطناعي. تركز هذه الطبقة بشكل أساسي على تجهيز البيانات لتطبيقات الذكاء الاصطناعي. تتطلب الخوارزميات الحديثة، وخاصةً تلك التي تعتمد على التعليم العميق، موارد حسابية ضخمة. ولذلك، تتضمن هذه الطبقة الأجهزة التي تعمل كطبقة فرعية، حيث توفر البنية التحتية الأساسية لتدريب نماذج الذكاء الاصطناعي. يُمكنك الوصول إلى هذه الطبقة كخدمة مُدارة بالكامل من موفر سحابة تابع لجهة خارجية.,7.428799315147385,ذكاء اصطناع اعتمد تقني مختلف تعلم آلة معالج لغة طبيعة تعرف صور تمثل بيان محور تقني تشكل طبق تأسيس ذكاء اصطناع ركز طبق شكل أساس تجهيز بيان تطبيق ذكاء اصطناع تطلب الخوارزميات حديث خاصة اعتمد تعليم عميق موارد حساب ضخم ذل تضمن طبق أجهزة عمل طبق رعي توفر بن تحت أساس تدريب نماذج ذكاء اصطناع أمكن وصول طبق خدم مدار كامل موفر سحاب تابع جهة خارجي
اقرأ عن تعلّم الآلة »,1.9918063455123225,قرأ تعلم آلة
ينشئ المهندسون بالتعاون مع علماء البيانات أطر تعلّم الآلة لتلبية متطلبات حالات معينة من حالات استخدام الأعمال. يُمكن للمطورين بعد ذلك استخدام الوظائف والفئات مسبقة الإنشاء في إنشاء النماذج وتدريبها بسهولة. ومن أمثلة هذه الأطر TensorFlow وPyTorch وscikit-learn. تعد هذه الأطر مكونات حيوية في بنية التطبيق وتوفر وظائف أساسية لإنشاء نماذج الذكاء الاصطناعي وتدريبها بسهولة.,6.543401648205433,أنشأ مهندس تعاون علماء بيان أطر تعلم آلة تلبية متطلب حال معين حال استخدام أعمال يم مطور استخدام وظائف فئة مسبق إنشاء إنشاء نماذج تدريب سهولة مثل أطر tensorflow وpytorch وscikitlearn تعدي أطر مكون حيوي بن تطبيق توفر وظائف أساس إنشاء نماذج ذكاء اصطناع تدريب سهولة
في طبقة النموذج، يقوم مطور التطبيق بتنفيذ نموذج الذكاء الاصطناعي وتدريبه باستخدام البيانات والخوارزميات من الطبقة السابقة. هذه الطبقة محورية بالنسبة لإمكانات اتخاذ القرار في نظام الذكاء الاصطناعي.,4.702660002286511,طبق نموذج قام مطور تطبيق تنفيذ نموذج ذكاء اصطناع تدريب استخدام بيان والخوارزميات طبق سابق طبق محور نسب إمكان اتخاذ قرار نظام ذكاء اصطناع
فيما يلي بعض المكونات الرئيسية في هذه الطبقة.,2.7341215031364303,ولى مكون رئيس طبق
تحدد هذه البنية قدرة النموذج، حيث تشمل الطبقات والعصبونات ووظائف التنشيط. بناءً على المشكلة والموارد، يُمكن للمرء الاختيار من بين الشبكات العصبونية ذات التغذية المتقدمة أو الشبكات العصبونية الالتفافية (CNNs) أو شبكات أخرى.,5.258281669323679,تحدد بن قدر نموذج شمل طبق والعصبونات وظائف تنشيط بناء مشكل موارد يم للمرء اختيار شبكة العصبونية تغذي متقدم شبكة العصبونية التفاف cnns شبكة أخرى
"تعتبر القيم المكتسبة أثناء التدريب، مثل أوزان الشبكة العصبونية والتحيزات، ضرورية للتنبؤات. تقوم ""دالة الخسارة"" بتقييم أداء النموذج وتهدف إلى تقليل التناقض بين المخرجات المتوقعة والمخرجات الحقيقية.",5.117896426228628,اعتبر قيم مكتسب أثناء تدريب أوزان شبكة العصبونية تحيز ضرورة تنبؤ تقوم دالة خسار تقييم أداء نموذج هدف تقليل تناقض مخرج متوقع مخرج حقيق
يقوم هذا المكون بضبط مَعلمات النموذج لتقليل دالة الخسارة. تقوم أدوات التحسين المختلفة مثل أصل التدرج وخوارزمية التدرج التكيفي (AdaGrad) بخدمة أغراض مختلفة.,4.517631242719661,قام مكون ضبط معلم نموذج تقليل دالة خسار تقوم أدوات تحسي مختلف أصل تدرج وخوارزمية تدرج تكيف adagrad خدم أغراض مختلف
الطبقة الرابعة هي طبقة التطبيق، وهي الجزء المواجه للعملاء من بنية الذكاء الاصطناعي. يُمكنك أن تطلب من أنظمة الذكاء الاصطناعي إكمال مهام معينة أو توليد المعلومات أو توفير المعلومات أو اتخاذ قرارات تستند إلى البيانات. تسمح طبقة التطبيق للمستخدمين النهائيين بالتفاعل مع أنظمة الذكاء الاصطناعي.,5.511577731219723,طبق رابع طبق تطبيق هي جزء مواجه عملاء بن ذكاء اصطناع أمكن تطلب نظم ذكاء اصطناع إكمال مهام معين توليد معلوم توفير معلوم اتخاذ قرار استند بيان سمح طبق تطبيق مستخدم نهائي تفاعل نظم ذكاء اصطناع
يواجه الذكاء الاصطناعي عددًا من التحديات التي تجعل التنفيذ أكثر صعوبة. العقبات التالية هي أمثلة على أشهر التحديات التي تواجه تنفيذ الذكاء الاصطناعي واستخدامه.,4.168861899902012,واجه ذكاء اصطناع عدد تحدي جعل تنفيذ صعوبة عقب تالي مثل أشهر تحدي تواجه تنفيذ ذكاء اصطناع استخدام
يجب أن تلتزم سياسات حوكمة البيانات بالقيود التنظيمية وقوانين الخصوصية. لتنفيذ الذكاء الاصطناعي، يجب عليك إدارة جودة البيانات والخصوصية والأمان. تتحمل المسؤولية عن بيانات العملاء وحماية الخصوصية. لإدارة أمان البيانات، يجب أن يكون لدى مؤسستك فهم واضح حول الكيفية التي تستخدم بها نماذج الذكاء الاصطناعي بيانات العملاء وتتفاعل معها عبر كل طبقة.,6.107024255212496,جبى التزم سياسة حوكمة بيان قيود تنظيم قواني خصوصي تنفيذ ذكاء اصطناع جبى إدارة جود بيان خصوصي أم تحمل مسؤول بيان عملاء حماية خصوصي إدارة أم بيان جبى كوى مؤسس هم واضح حول كيفية استخدم نماذج ذكاء اصطناع بيان عملاء تفاعل مع عبر طبق
تدريب الذكاء الاصطناعي باستخدام تعلّم الآلة يستهلك موارد هائلةً. كي تؤدي تقنيات التعليم العميق وظائفها، من الضروري توفر مستوى عالٍ من قوة المعالجة. يجب أن يكون لديك بنية تحتية حاسوبية قوية لتشغيل تطبيقات الذكاء الاصطناعي وتدريب نماذجك. يمكن أن تكون قوة المعالجة مكلفةً أو تحد من قابلية التوسّع التي تمتاز بها أنظمة الذكاء الاصطناعي لديك.,6.446848658016441,تدريب ذكاء اصطناع استخدام تعلم آلة استهل موارد هائل أدى تقني تعليم عميق وظائف ضرورة توفر مستوى عال قوة معالج جبى كوى لدى بن تحت حاسوب قوى تشغيل تطبيق ذكاء اصطناع تدريب نماذج يم تكون قوة معالج مكلف تحدي قابل توسع امتاز نظم ذكاء اصطناع لدى
لتدريب أنظمة ذكاء اصطناعي غير متحيزة، تحتاج إلى إدخال كميات هائلة من البيانات. يجب أن تكون لديك سعة تخزين كافية للتعامل مع بيانات التدريب ومعالجتها. وبالمثل، يجب أن تتمتع بالكفاءة في عمليات الإدارة وعمليات جودة البيانات لضمان دقة البيانات التي تستخدمها في التدريب.,5.807394247620608,تدريب نظم ذكاء اصطناع متحيز احتاج إدخال كم هائل بيان جبى تكون لدى سعة تخزين كاف تعامل بيان تدريب معالج مثل جبى تمتع كفاء عملة إدارة عملة جود بيان ضمان دقة بيان استخدم تدريب
توفر Amazon Web Services (AWS) الخدمات والأدوات والموارد الأكثر شمولاً لتلبية متطلبات تقنية الذكاء الاصطناعي لديك. تجعل AWS الذكاء الاصطناعي (AI) في متناول المؤسسات من جميع الأحجام حتى يتمكن أي شخص من بناء تقنية مبتكرة وجديدة بدون القلق بشأن موارد البنية التحتية.,5.911353765100759,توفر amazon web services aws خدمة أدوات موارد أكثر شمول تلبية متطلب تقني ذكاء اصطناع لدى جعل aws ذكاء اصطناع ai متناول مؤسس أحجام يتم شخص بناء تقني مبتكر جديد بدون قلق شأن موارد بن تحت
يوفر تعلّم الآلة والذكاء الاصطناعي من AWS مئات الخدمات لإنشاء تطبيقات الذكاء الاصطناعي وتوسعة نطاقها لكل نوع من حالات الاستخدام. فيما يلي أمثلة على خدمات AWS التي يُمكنك استخدامها:,4.870290797075429,وفر تعلم آلة ذكاء اصطناع aws مئات خدمة إنشاء تطبيق ذكاء اصطناع توسع نطاق كل نوع حال استخدام ولى مثل خدمة aws أمكن استخدام
ابدأ اليوم استخدام الذكاء الاصطناعي على AWS عن طريق إنشاء حساب.,3.0708788777274916,بدأ يوم استخدام ذكاء اصطناع aws طريق إنشاء حساب
تمتع بالوصول الفوري إلى الطبقة المجانية من AWS.,2.6754371124747847,تمتع وصول فور طبق مجان aws
بدء الإنشاء في وحدة إدارة تحكم AWS.,2.5497020352350983,بدء إنشاء وحد إدارة تحكم aws
